{"timestamps": [1483784992.548558, 1483784994.1611586, 1483784994.2377038, 1483784994.2391136, 1483784994.241916, 1483784994.2430384, 1483784994.2435682, 1483784994.244588, 1483784994.9551265, 1483784995.0407336, 1483784995.0422194, 1483784995.0477784, 1483784995.0487676, 1483784995.0512447, 1483784995.057154, 1483784995.0583558, 1483784995.0595522, 1483784995.0608547, 1483784995.0643897, 1483784995.0656145, 1483784995.06659, 1483784995.0672343, 1483784995.0681756, 1483784995.0696325, 1483784995.0710065, 1483784995.0755422, 1483784995.078399, 1483784997.862305, 1483784997.925007, 1483784997.9285882, 1483784997.934442, 1483784997.9380226, 1483784997.9423711, 1483784997.9480634, 1483784997.9500344], "episode_types": ["t", "t", "t", "t", "t", "t", "t", "t", "t", "t", "t", "t", "t", "t", "t", "t", "t", "t", "t", "t", "t", "t", "t", "t", "t", "t", "t", "t", "t", "t", "t", "t", "t", "t", "t", "t"], "episode_lengths": [25, 85, 25, 39, 78, 30, 12, 15, 37, 51, 39, 165, 28, 59, 145, 26, 27, 38, 109, 36, 21, 10, 21, 10, 30, 137, 79, 144, 138, 102, 166, 44, 122, 171, 55], "episode_rewards": [25.0, 85.0, 25.0, 39.0, 78.0, 30.0, 12.0, 15.0, 37.0, 51.0, 39.0, 165.0, 28.0, 59.0, 145.0, 26.0, 27.0, 38.0, 109.0, 36.0, 21.0, 10.0, 21.0, 10.0, 30.0, 137.0, 79.0, 144.0, 138.0, 102.0, 166.0, 44.0, 122.0, 171.0, 55.0], "initial_reset_timestamp": 1483784991.6904304}