{"initial_reset_timestamp": 1484504120.007015, "episode_lengths": [200, 200, 200, 200, 200, 200, 200, 200, 200, 200, 200, 200, 200, 200, 200, 200, 200, 200, 200, 200, 200, 200, 200, 200, 200, 200, 200, 200, 200, 200, 200, 200, 200, 200, 200, 200, 200, 200, 200, 200, 200, 200, 200, 200, 200, 200, 200, 200, 200, 200, 200, 200, 200, 200, 200, 200, 200, 200, 200, 200, 200, 200, 200, 200, 200, 200, 200, 200, 200, 200, 200, 200, 200, 200, 200, 200, 200, 200, 200, 200, 200, 200, 200, 200, 200, 200], "episode_rewards": [-200.0, -200.0, -200.0, -200.0, -200.0, -200.0, -200.0, -200.0, -200.0, -200.0, -200.0, -200.0, -200.0, -200.0, -200.0, -200.0, -200.0, -200.0, -200.0, -200.0, -200.0, -200.0, -200.0, -200.0, -200.0, -200.0, -200.0, -200.0, -200.0, -200.0, -200.0, -200.0, -200.0, -200.0, -200.0, -200.0, -200.0, -200.0, -200.0, -200.0, -200.0, -200.0, -200.0, -200.0, -200.0, -200.0, -200.0, -200.0, -200.0, -200.0, -200.0, -200.0, -200.0, -200.0, -200.0, -200.0, -200.0, -200.0, -200.0, -200.0, -200.0, -200.0, -200.0, -200.0, -200.0, -200.0, -200.0, -200.0, -200.0, -200.0, -200.0, -200.0, -200.0, -200.0, -200.0, -200.0, -200.0, -200.0, -200.0, -200.0, -200.0, -200.0, -200.0, -200.0, -200.0, -200.0], "episode_types": ["t", "t", "t", "t", "t", "t", "t", "t", "t", "t", "t", "t", "t", "t", "t", "t", "t", "t", "t", "t", "t", "t", "t", "t", "t", "t", "t", "t", "t", "t", "t", "t", "t", "t", "t", "t", "t", "t", "t", "t", "t", "t", "t", "t", "t", "t", "t", "t", "t", "t", "t", "t", "t", "t", "t", "t", "t", "t", "t", "t", "t", "t", "t", "t", "t", "t", "t", "t", "t", "t", "t", "t", "t", "t", "t", "t", "t", "t", "t", "t", "t", "t", "t", "t", "t", "t", "t"], "timestamps": [1484504123.905181, 1484504127.424686, 1484504127.5795844, 1484504127.655346, 1484504127.736632, 1484504127.8140087, 1484504127.8970575, 1484504127.9709437, 1484504131.4478774, 1484504131.62565, 1484504131.7063715, 1484504131.800925, 1484504131.9328465, 1484504132.0086815, 1484504132.083757, 1484504132.1589987, 1484504132.2331188, 1484504132.3071506, 1484504132.382025, 1484504132.456221, 1484504132.5306225, 1484504132.6060264, 1484504132.68275, 1484504132.7576976, 1484504132.8334084, 1484504132.9079568, 1484504132.9827483, 1484504136.3584237, 1484504136.493289, 1484504136.5707366, 1484504136.6449163, 1484504136.718691, 1484504136.7944326, 1484504136.8702004, 1484504136.9448674, 1484504137.0193555, 1484504137.093441, 1484504137.1688948, 1484504137.2451549, 1484504137.3189483, 1484504137.3927824, 1484504137.467806, 1484504137.5442204, 1484504137.61846, 1484504137.6927168, 1484504137.7663674, 1484504137.8419714, 1484504137.9157698, 1484504137.9894564, 1484504138.0631208, 1484504138.1399868, 1484504138.2142055, 1484504138.2884037, 1484504138.3625784, 1484504138.4374316, 1484504138.5128288, 1484504138.58888, 1484504138.662814, 1484504138.7414398, 1484504138.8167064, 1484504138.891196, 1484504138.9656537, 1484504139.0400705, 1484504139.1146073, 1484504141.823659, 1484504142.011301, 1484504142.0962343, 1484504142.1763968, 1484504142.251862, 1484504142.3283138, 1484504142.4042888, 1484504142.4794717, 1484504142.5557983, 1484504142.6311028, 1484504142.7060502, 1484504142.7821712, 1484504142.8604271, 1484504142.9383395, 1484504143.0134416, 1484504143.088718, 1484504143.1746614, 1484504143.2620244, 1484504143.3385813, 1484504143.4162333, 1484504143.490842, 1484504143.5683045]}