{"episode_lengths": [200], "initial_reset_timestamp": 1484508794.6252878, "episode_rewards": [-200.0], "timestamps": [1484508796.2858233], "episode_types": ["t", "t"]}