{"episode_lengths": [200, 200, 200, 200, 200, 200, 200, 200], "episode_rewards": [-200.0, -200.0, -200.0, -200.0, -200.0, -200.0, -200.0, -200.0], "episode_types": ["t", "t", "t", "t", "t", "t", "t", "t", "t"], "initial_reset_timestamp": 1484501307.2902753, "timestamps": [1484501310.9606822, 1484501312.4664974, 1484501312.5344906, 1484501312.540395, 1484501312.5461109, 1484501312.5514734, 1484501312.555173, 1484501312.561338]}