{"initial_reset_timestamp": 1484486713.9440825, "episode_types": ["t", "t", "t", "t", "t", "t", "t", "t", "t"], "episode_lengths": [200, 200, 200, 200, 200, 200, 200, 200], "timestamps": [1484486717.765853, 1484486720.6552033, 1484486720.7389855, 1484486720.7428937, 1484486720.7493463, 1484486720.7552578, 1484486720.7590704, 1484486720.7664344], "episode_rewards": [-200.0, -200.0, -200.0, -200.0, -200.0, -200.0, -200.0, -200.0]}